USE UFC
go

INSERT INTO WeightClass (WeightClassName, MinWeight, MaxWeight)
VALUES 
('Flyweight', 125, 135),
('Bantamweight', 135, 145),
('Featherweight', 145, 155),
('Lightweight', 155, 170),
('Welterweight', 170, 185),
('Middleweight', 185, 205),
('Light Heavyweight', 205, 225),
('Heavyweight', 225, 265);
GO

INSERT INTO Fighters (FighterID, FirstName, LastName, NickName, DateOfBirth, JoinToUFC, Nationality, HeightCm, ReachCm, WeightLbs, NumOfWins, NumOfLosses, NumOfDraws, NumOfNoContests, Knockouts, Submissions)
VALUES 
(1000, 'Jon', 'Jones', 'Bones', '1987-07-19', 2008, 'USA', 193, 215, 205, 26, 1, 0, 1, 10, 6),
(1001, 'Jose', 'Aldo', 'Junior', '1986-09-09', 2011, 'Brazil', 170, 178, 135, 29, 7, 0, 0, 7, 2),
(1002, 'Aljamain', 'Sterling', 'Funk Master', '1989-07-31', 2014, 'USA', 168, 178, 135, 22, 3, 0, 0, 2, 6),
(1003, 'Max', 'Holloway', 'Blessed', '1991-12-04', 2012, 'USA', 180, 175, 145, 22, 6, 0, 0, 8, 0),
(1004, 'Alexander', 'Volkanovski', 'The Great', '1988-02-29', 2016, 'Australia', 168, 180, 145, 25, 1, 0, 0, 11, 2),
(1005, 'Henry', 'Cejudo', 'The Messenger', '1987-02-09', 2014, 'USA', 163, 163, 135, 16, 2, 0, 0, 0, 4),
(1006, 'Demetrious', 'Johnson', 'Mighty Mouse', '1986-08-13', 2011, 'USA', 160, 165, 125, 30, 3, 1, 0, 7, 7),
(1007, 'Deiveson', 'Figueiredo', 'Deus da Guerr', '1987-12-18', 2017, 'Brazil', 165, 165, 125, 21, 2, 0, 0, 7, 7),
(1008, 'Daniel', 'Cormier', 'DC', '1979-03-20', 2013, 'USA', 180, 184, 205, 22, 3, 0, 1, 10, 4),
(1009, 'Stipe', 'Miocic', '', '1982-08-19', 2011, 'USA', 193, 203, 240, 20, 3, 0, 0, 11, 1),
(1010, 'Francis', 'Ngannou', 'The Predator', '1986-09-05', 2015, 'Cameroon', 193, 211, 240, 15, 3, 0, 0, 12, 0),
(1011, 'Glover', 'Teixeira', 'The Lionheart', '1979-10-28', 2012, 'Brazil', 180, 193, 205, 33, 8, 0, 0, 6, 2),
(1012, 'Conor', 'McGregor', 'The Notorious', '1988-07-14', 2013, 'Ireland', 175, 188, 155, 22, 6, 0, 0, 19, 1),
(1013, 'Khabib', 'Nurmagomedov', 'The Eagle', '1988-09-20', 2012, 'Russia', 178, 178, 155, 29, 0, 0, 0, 8, 10),
(1014, 'Justin', 'Gaethje', 'The Highlight', '1988-11-14', 2017, 'USA', 180, 178, 155, 22, 3, 0, 0, 10, 1),
(1015, 'Charles', 'Oliveira', 'do Bronx', '1989-10-17', 2011, 'Brazil', 173, 182, 155, 33, 8, 0, 1, 17, 8),
(1016, 'Anderson', 'Silva', 'The Spider', '1975-04-14', 2006, 'Brazil', 188, 197, 185, 34, 11, 0, 1, 16, 6),
(1017, 'Israel', 'Adesanya', 'The Last Stylebender', '1989-07-22', 2018, 'Nigeria', 193, 203, 185, 20, 1, 0, 0, 15, 0),
(1018, 'Robert', 'Whittaker', 'The Reaper', '1990-12-20', 2012, 'Australia', 182, 185, 185, 22, 5, 0, 0, 7, 4),
(1019, 'Georges', 'St-Pierre', 'Rush', '1981-05-19', 2004, 'Canada', 178, 193, 170, 26, 2, 0, 0, 8, 3),
(1020, 'Kamaru', 'Usman', 'The Nigerian Nightmare', '1987-05-11', 2015, 'Nigeria', 183, 193, 170, 20, 1, 0, 0, 5, 4),
(1021, 'Raquel', 'Pennington', 'Rocky', '1988-09-05', 2013, 'USA', 170, 170, 135, 15, 9, 0, 0, 2, 4),
(1022, 'Valentina', 'Shevchenko', 'Bullet', '1988-03-07', 2015, 'Kyrgyzstan', 165, 168, 125, 23, 4, 0, 0, 8, 7),
(1023, 'Islam', 'Makhachev', '', '1991-09-27', 2015, 'Russia', 178, 178, 155, 24, 1, 0, 0, 4, 11),
(1024, 'Dustin', 'Poirier', 'The Diamond', '1989-01-19', 2011, 'USA', 175, 183, 155, 29, 7, 0, 1, 15, 7),
(1025, 'Alex', 'Pereira', 'Poatan', '1987-07-07', 2021, 'Brazil', 193, 200, 185, 7, 2, 0, 0, 6, 0),
(1026, 'Leon', 'Edwards', 'Rocky', '1991-08-25', 2014, 'UK', 183, 188, 170, 21, 3, 0, 1, 7, 3),
(1027, 'Jan', 'Blachowicz', 'Prince of Cieszyn', '1983-02-24', 2014, 'Poland', 188, 198, 205, 29, 10, 1, 0, 9, 9),
(1028, 'Nate', 'Diaz', '', '1985-04-16', 2007, 'USA', 183, 193, 170, 22, 13, 0, 0, 5, 12),
(1029, 'Julianna', 'Peña', 'The Venezuelan Vixen', '1989-08-19', 2013, 'USA', 170, 175, 135, 11, 5, 0, 0, 3, 5),
(1030, 'Colby', 'Covington', 'Chaos', '1988-02-22', 2014, 'USA', 180, 183, 170, 17, 3, 0, 0, 4, 4),
(1031, 'Tony', 'Ferguson', 'El Cucuy', '1984-02-12', 2011, 'USA', 180, 193, 155, 25, 8, 0, 0, 12, 8),
(1032, 'Petr', 'Yan', 'No Mercy', '1993-02-11', 2018, 'Russia', 170, 170, 135, 16, 5, 0, 0, 7, 1),
(1033, 'Jorge', 'Masvidal', 'Gamebred', '1984-11-12', 2013, 'USA', 180, 188, 170, 35, 17, 0, 0, 16, 2),
(1034, 'TJ', 'Dillashaw', '', '1986-02-07', 2011, 'USA', 168, 170, 135, 17, 5, 0, 0, 8, 3),
(1035, 'Tyron', 'Woodley', 'The Chosen One', '1982-04-07', 2013, 'USA', 175, 188, 170, 19, 7, 1, 1, 7, 5),
(1036, 'Sean', 'Strickland', 'Tarzan', '1991-02-27', 2014, 'USA', 185, 193, 185, 27, 5, 0, 0, 11, 4),
(1037, 'Sean', 'O''Malley', 'Sugar', '1994-10-24', 2017, 'USA', 180, 183, 135, 17, 1, 0, 1, 12, 1),
(1038, 'Yair', 'Rodriguez', 'El Pantera', '1992-10-06', 2014, 'Mexico', 180, 180, 145, 16, 3, 0, 0, 6, 3),
(1039, 'Irene', 'Aldana', '', '1988-03-26', 2016, 'Mexico', 175, 175, 135, 14, 7, 0, 0, 8, 3),
(1040, 'Ciryl', 'Gane', 'Bon Gamin', '1990-04-12', 2019, 'France', 196, 208, 245, 11, 2, 0, 0, 5, 3),
(1041, 'Jamahal', 'Hill', 'Sweet Dreams', '1991-05-19', 2020, 'USA', 193, 201, 205, 12, 1, 0, 0, 7, 0),
(1042, 'Magomed', 'Ankalaev', '', '1992-06-02', 2018, 'Russia', 191, 191, 205, 18, 1, 1, 0, 9, 0),
(1043, 'Jared', 'Cannonier', 'The Killa Gorilla', '1984-03-16', 2015, 'USA', 183, 195, 185, 17, 6, 0, 0, 11, 2),
(1044, 'Jiri', 'Prochazka', 'Denisa', '1992-10-14', 2020, 'Czech Republic', 193, 203, 205, 29, 3, 1, 0, 25, 3),
(1045, 'Chan', 'Jung', 'The Korean Zombie', '1987-03-17', 2011, 'South Korea', 170, 182, 145, 17, 8, 0, 0, 6, 8),
(1046, 'Brian', 'Ortega', 'T-City', '1991-02-21', 2014, 'USA', 175, 175, 145, 15, 3, 0, 1, 3, 7),
(1047, 'Marvin', 'Vettori', 'The Italian Dream', '1993-09-20', 2016, 'Italy', 183, 188, 185, 19, 6, 1, 0, 2, 9),
(1048, 'Michael', 'Chandler', 'Iron', '1986-04-24', 2021, 'USA', 173, 180, 155, 23, 8, 0, 0, 11, 7),
(1049, 'Gilbert', 'Burns', 'Durinho', '1986-07-20', 2014, 'Brazil', 178, 180, 170, 22, 6, 0, 0, 6, 9),
(1050, 'Brandon', 'Moreno', 'The Assassin Baby', '1993-12-07', 2016, 'Mexico', 170, 178, 125, 21, 6, 2, 0, 5, 11),
(1051, 'Alex', 'Perez', '', '1992-03-21', 2017, 'USA', 168, 165, 125, 24, 7, 0, 0, 0, 0),
(1052, 'Jennifer', 'Maia', '', '1988-10-06', 2018, 'Brazil', 163, 165, 125, 21, 9, 1, 0, 4, 5),
(1053, 'Paulo', 'Costa', 'Borrachinha', '1991-04-21', 2017, 'Brazil', 183, 188, 185, 14, 2, 0, 0, 11, 1),
(1054, 'Felicia', 'Spencer', 'Feenom', '1990-11-29', 2019, 'Canada', 170, 173, 145, 9, 3, 0, 0, 3, 4),
(1055, 'Yoel', 'Romero', 'Soldier of God', '1977-04-30', 2013, 'Cuba', 183, 187, 185, 15, 6, 0, 0, 13, 0),
(1056, 'Dominick', 'Reyes', 'The Devastator', '1989-12-26', 2017, 'USA', 193, 196, 205, 12, 4, 0, 0, 7, 2),
(1057, 'Donald', 'Cerrone', 'Cowboy', '1983-03-29', 2006, 'USA', 183, 185, 170, 36, 17, 0, 2, 10, 17),
(1058, 'Brock', 'Lesner', 'The Beast Incarnate', '1977-07-12', 2008, 'Usa', 191, 200, 265, 5, 3, 0, 1, 4, 0),
(1059, 'Frankie', 'Edgar', 'The Answer', '1981-10-16', 2007, 'USA', 168, 173, 135, 24, 11, 1, 0, 7, 4),
(1060, 'Thiago', 'Santos', 'Marreta', '1984-01-07', 2013, 'Brazil', 188, 193, 205, 22, 10, 0, 0, 15, 1),
(1061, 'Marlon', 'Moraes', 'Magic', '1988-04-26', 2017, 'Brazil', 168, 170, 135, 23, 11, 1, 0, 10, 6),
(1062, 'Jessica', 'Andrade', 'Bate Estaca', '1991-09-25', 2013, 'Brazil', 155, 157, 125, 24, 10, 0, 0, 9, 8),
(1063, 'Anthony', 'Smith', 'Lionheart', '1988-07-26', 2016, 'USA', 193, 193, 205, 36, 18, 0, 0, 20, 14),
(1064, 'Alexander', 'Gustafsson', 'The Mauler', '1987-01-15', 2009, 'Sweden', 196, 201, 205, 18, 8, 0, 0, 11, 3),
(1065, 'Derrick', 'Lewis', 'The Black Beast', '1985-02-07', 2014, 'USA', 191, 201, 265, 26, 11, 0, 0, 21, 1),
(1066, 'Darren', 'Till', 'The Gorilla', '1992-12-24', 2015, 'England', 183, 190, 185, 18, 5, 1, 0, 10, 2),
(1067, 'Cody', 'Garbrandt', 'No Love', '1991-07-07', 2015, 'USA', 170, 173, 135, 13, 5, 0, 0, 0, 0);
go





INSERT INTO Championships (WeightClassName, FighterID, ChampionStartdate, ChampionEndDATE)
VALUES 
('Heavyweight', 1000, '2023-03-05', NULL),
('Heavyweight', 1010, '2021-03-28', '2023-01-14'),
('Heavyweight', 1009, '2019-08-17', '2021-03-28'),
('Light Heavyweight', 1041, '2023-01-22', '2023-07-03'),
('Light Heavyweight', 1044, '2022-06-12', '2023-07-03'),
('Light Heavyweight', 1011, '2021-10-31', '2022-06-12'),
('Light Heavyweight', 1000, '2018-12-29', '2023-01-14'),
('Middleweight', 1036, '2023-09-10', NULL),
('Middleweight', 1017, '2019-10-06', '2023-09-10'),
('Welterweight', 1026, '2022-08-21', NULL),
('Welterweight', 1020, '2019-03-02', '2022-08-21'),
('Lightweight', 1023, '2022-10-23', NULL),
('Lightweight', 1015, '2021-05-16', '2022-05-06'),
('Featherweight', 1004, '2019-12-14', NULL),
('Bantamweight', 1037, '2023-08-20', NULL),
('Bantamweight', 1005, '2019-06-08', '2023-01-14');

GO



INSERT INTO Events (EventID, EventName, EventDate, EventLocation, Country)
VALUES
(227, 'UFC 227: Dillashaw vs. Garbrandt 2', '2018-08-04', 'Staples Center', 'USA'),
(228, 'UFC 228: Woodley vs. Till', '2018-09-08', 'American Airlines Center', 'USA'),
(229, 'UFC 229: Nurmagomedov vs. McGregor', '2018-10-06', 'T-Mobile Arena', 'USA'),
(230, 'UFC 230: Cormier vs. Lewis', '2018-11-03', 'Madison Square Garden', 'USA'),
(231, 'UFC 231: Holloway vs. Ortega', '2018-12-08', 'Scotiabank Arena', 'Canada'),
(232, 'UFC 232: Jones vs. Gustafsson 2', '2018-12-29', 'The Forum', 'USA'),
(233, 'UFC 233: Dillashaw vs. Cejudo', '2019-01-26', 'Honda Center', 'USA'),
(234, 'UFC 234: Adesanya vs. Silva', '2019-02-10', 'Rod Laver Arena', 'Australia'),
(235, 'UFC 235: Jones vs. Smith', '2019-03-02', 'T-Mobile Arena', 'USA'),
(236, 'UFC 236: Holloway vs. Poirier 2', '2019-04-13', 'State Farm Arena', 'USA'),
(237, 'UFC 237: Namajunas vs. Andrade', '2019-05-11', 'Jeunesse Arena', 'Brazil'),
(238, 'UFC 238: Cejudo vs. Moraes', '2019-06-08', 'United Center', 'USA'),
(239, 'UFC 239: Jones vs. Santos', '2019-07-06', 'T-Mobile Arena', 'USA'),
(240, 'UFC 240: Holloway vs. Edgar', '2019-07-27', 'Rogers Place', 'Canada'),
(241, 'UFC 241: Cormier vs. Miocic 2', '2019-08-17', 'Honda Center', 'USA'),
(242, 'UFC 242: Nurmagomedov vs. Poirier', '2019-09-07', 'The Arena', 'UAE'),
(243, 'UFC 243: Adesanya vs. Whittaker', '2019-10-06', 'Marvel Stadium', 'Australia'),
(244, 'UFC 244: Masvidal vs. Diaz', '2019-11-02', 'Madison Square Garden', 'USA'),
(245, 'UFC 245: Usman vs. Covington', '2019-12-14', 'T-Mobile Arena', 'USA'),
(246, 'UFC 246: McGregor vs. Cerrone', '2020-01-18', 'T-Mobile Arena', 'USA'),
(247, 'UFC 247: Jones vs. Reyes', '2020-02-08', 'Toyota Center', 'USA'),
(248, 'UFC 248: Adesanya vs. Romero', '2020-03-07', 'T-Mobile Arena', 'USA'),
(249, 'UFC 249: Ferguson vs. Gaethje', '2020-05-09', 'VyStar Veterans Memorial Arena', 'USA'),
(250, 'UFC 250: Nunes vs. Spencer', '2020-06-06', 'UFC APEX', 'USA'),
(251, 'UFC 251: Usman vs. Masvidal', '2020-07-11', 'Flash Forum', 'UAE'),
(252, 'UFC 252: Miocic vs. Cormier 3', '2020-08-15', 'UFC APEX', 'USA'),
(253, 'UFC 253: Adesanya vs. Costa', '2020-09-27', 'Flash Forum', 'UAE'),
(254, 'UFC 254: Nurmagomedov vs. Gaethje', '2020-10-24', 'Flash Forum', 'UAE'),
(255, 'UFC 255: Figueiredo vs. Perez', '2020-11-21', 'UFC APEX', 'USA'),
(256, 'UFC 256: Figueiredo vs. Moreno', '2020-12-12', 'UFC APEX', 'USA'),
(257, 'UFC 257: Poirier vs. McGregor 2', '2021-01-23', 'Etihad Arena', 'UAE'),
(258, 'UFC 258: Usman vs. Burns', '2021-02-13', 'UFC APEX', 'USA'),
(259, 'UFC 259: Blachowicz vs. Adesanya', '2021-03-07', 'UFC APEX', 'USA'),
(260, 'UFC 260: Miocic vs. Ngannou 2', '2021-03-28', 'UFC APEX', 'USA'),
(261, 'UFC 261: Usman vs. Masvidal 2', '2021-04-25', 'VyStar Veterans Memorial Arena', 'USA'),
(262, 'UFC 262: Oliveira vs. Chandler', '2021-05-16', 'Toyota Center', 'USA'),
(263, 'UFC 263: Adesanya vs. Vettori 2', '2021-06-13', 'Gila River Arena', 'USA'),
(264, 'UFC 264: Poirier vs. McGregor 3', '2021-07-11', 'T-Mobile Arena', 'USA'),
(265, 'UFC 265: Lewis vs. Gane', '2021-08-08', 'Toyota Center', 'USA'),
(266, 'UFC 266: Volkanovski vs. Ortega', '2021-09-26', 'T-Mobile Arena', 'USA'),
(267, 'UFC 267: Blachowicz vs. Teixeira', '2021-10-31', 'Etihad Arena', 'UAE'),
(268, 'UFC 268: Usman vs. Covington 2', '2021-11-07', 'Madison Square Garden', 'USA'),
(269, 'UFC 269: Oliveira vs. Poirier', '2021-12-12', 'T-Mobile Arena', 'USA'),
(270, 'UFC 270: Ngannou vs. Gane', '2022-01-23', 'Honda Center', 'USA'),
(271, 'UFC 271: Adesanya vs. Whittaker 2', '2022-02-13', 'Toyota Center', 'USA'),
(272, 'UFC 272: Covington vs. Masvidal', '2022-03-06', 'T-Mobile Arena', 'USA'),
(273, 'UFC 273: Volkanovski vs. Jung', '2022-04-10', 'VyStar Veterans Memorial Arena', 'USA'),
(274, 'UFC 274: Oliveira vs. Gaethje', '2022-05-08', 'Footprint Center', 'USA'),
(275, 'UFC 275: Teixeira vs. Prochazka', '2022-06-12', 'Singapore Indoor Stadium', 'Singapore'),
(276, 'UFC 276: Adesanya vs. Cannonier', '2022-07-03', 'T-Mobile Arena', 'USA'),
(277, 'UFC 277: Peña vs. Nunes 2', '2022-07-31', 'American Airlines Center', 'USA'),
(278, 'UFC 278: Usman vs. Edwards 2', '2022-08-21', 'Vivint Arena', 'USA'),
(279, 'UFC 279: Diaz vs. Ferguson', '2022-09-11', 'T-Mobile Arena', 'USA'),
(280, 'UFC 280: Oliveira vs. Makhachev', '2022-10-23', 'Etihad Arena', 'UAE'),
(281, 'UFC 281: Adesanya vs. Pereira', '2022-11-13', 'Madison Square Garden', 'USA'),
(282, 'UFC 282: Blachowicz vs. Ankalaev', '2022-12-11', 'T-Mobile Arena', 'USA'),
(283, 'UFC 283: Teixeira vs. Hill', '2023-01-22', 'Jeunesse Arena', 'Brazil'),
(284, 'UFC 284: Makhachev vs. Volkanovski', '2023-02-12', 'RAC Arena', 'Australia'),
(285, 'UFC 285: Jones vs. Gane', '2023-03-05', 'T-Mobile Arena', 'USA'),
(286, 'UFC 286: Edwards vs. Usman 3', '2023-03-19', 'The O2 Arena', 'UK'),
(287, 'UFC 287: Pereira vs. Adesanya 2', '2023-04-09', 'Miami-Dade Arena', 'USA'),
(288, 'UFC 288: Sterling vs. Cejudo', '2023-05-07', 'Prudential Center', 'USA'),
(289, 'UFC 289: Nunes vs. Aldana', '2023-06-11', 'Rogers Arena', 'Canada'),
(290, 'UFC 290: Volkanovski vs. Rodriguez', '2023-07-09', 'T-Mobile Arena', 'USA'),
(291, 'UFC 291: Poirier vs. Gaethje 2', '2023-07-30', 'Delta Center', 'USA'),
(292, 'UFC 292: Sterling vs. O''Malley', '2023-08-20', 'TD Garden', 'USA'),
(293, 'UFC 293: Adesanya vs. Strickland', '2023-09-10', 'Qudos Bank Arena', 'Australia'),
(294, 'UFC 294: Makhachev vs. Oliveira 2', '2023-10-22', 'Etihad Arena', 'UAE'),
(295,'UFC 295: Jones vs. Miocic','2023-11-11','Madison Square Garden','USA');     

go



INSERT INTO MartialArts (FighterID, WarriorStyles)
VALUES
(1000, 'Brazilian Jiu-Jitsu'),
(1000, 'Wrestling'),
(1000, 'Muay Thai'),
(1001, 'Sambo'),
(1001, 'Judo'),
(1001, 'Wrestling'),
(1002, 'Wrestling'),
(1002, 'Brazilian Jiu-Jitsu'),
(1002, 'Muay Thai'),
(1003, 'Boxing'),
(1003, 'Kickboxing'),
(1003, 'Brazilian Jiu-Jitsu'),
(1004, 'Brazilian Jiu-Jitsu'),
(1004, 'Wrestling'),
(1004, 'Boxing'),
(1005, 'Wrestling'),
(1005, 'Boxing'),
(1005, 'Brazilian Jiu-Jitsu'),
(1006, 'Wrestling'),
(1006, 'Brazilian Jiu-Jitsu'),
(1007, 'Boxing'),
(1007, 'Brazilian Jiu-Jitsu'),
(1007, 'Muay Thai'),
(1008, 'Wrestling'),
(1008, 'Boxing'),
(1008, 'Brazilian Jiu-Jitsu'),
(1009, 'Boxing'),
(1009, 'Wrestling'),
(1009, 'Brazilian Jiu-Jitsu'),
(1010, 'Boxing'),
(1010, 'Brazilian Jiu-Jitsu'),
(1010, 'Wrestling'),
(1011, 'Brazilian Jiu-Jitsu'),
(1011, 'Boxing'),
(1011, 'Wrestling'),
(1012, 'Boxing'),
(1012, 'Brazilian Jiu-Jitsu'),
(1012, 'Wrestling'),
(1013, 'Wrestling'),
(1013, 'Brazilian Jiu-Jitsu'),
(1013, 'Sambo'),
(1014, 'Boxing'),
(1014, 'Wrestling'),
(1015, 'Brazilian Jiu-Jitsu'),
(1015, 'Muay Thai'),
(1015, 'Boxing'),
(1016, 'Brazilian Jiu-Jitsu'),
(1016, 'Muay Thai'),
(1016, 'Boxing'),
(1017, 'Boxing'),
(1017, 'Brazilian Jiu-Jitsu'),
(1017, 'Kickboxing'),
(1018, 'Brazilian Jiu-Jitsu'),
(1018, 'Boxing'),
(1018, 'Wrestling'),
(1019, 'Brazilian Jiu-Jitsu'),
(1019, 'Wrestling'),
(1019, 'Kickboxing'),
(1020, 'Wrestling'),
(1020, 'Boxing'),
(1020, 'Brazilian Jiu-Jitsu'),
(1021, 'Brazilian Jiu-Jitsu'),
(1021, 'Boxing'),
(1021, 'Wrestling'),
(1022, 'Muay Thai'),
(1022, 'Brazilian Jiu-Jitsu'),
(1022, 'Kickboxing'),
(1023, 'Brazilian Jiu-Jitsu'),
(1023, 'Wrestling'),
(1023, 'Sambo'),
(1024, 'Boxing'),
(1024, 'Brazilian Jiu-Jitsu'),
(1024, 'Wrestling'),
(1025, 'Boxing'),
(1025, 'Brazilian Jiu-Jitsu'),
(1025, 'Kickboxing'),
(1026, 'Boxing'),
(1026, 'Brazilian Jiu-Jitsu'),
(1026, 'Wrestling'),
(1027, 'Boxing'),
(1027, 'Brazilian Jiu-Jitsu'),
(1027, 'Wrestling'),
(1028, 'Boxing'),
(1028, 'Brazilian Jiu-Jitsu'),
(1028, 'Wrestling'),
(1029, 'Boxing'),
(1029, 'Brazilian Jiu-Jitsu'),
(1029, 'Wrestling'),
(1030, 'Boxing'),
(1030, 'Brazilian Jiu-Jitsu'),
(1030, 'Wrestling'),
(1031, 'Boxing'),
(1031, 'Brazilian Jiu-Jitsu'),
(1031, 'Wrestling'),
(1032, 'Boxing'),
(1032, 'Brazilian Jiu-Jitsu'),
(1032, 'Wrestling'),
(1033, 'Boxing'),
(1033, 'Brazilian Jiu-Jitsu'),
(1033, 'Wrestling'),
(1034, 'Boxing'),
(1034, 'Brazilian Jiu-Jitsu'),
(1034, 'Wrestling'),
(1035, 'Boxing'),
(1035, 'Brazilian Jiu-Jitsu'),
(1035, 'Wrestling'),
(1036, 'Boxing'),
(1036, 'Brazilian Jiu-Jitsu'),
(1036, 'Wrestling'),
(1037, 'Boxing'),
(1037, 'Brazilian Jiu-Jitsu'),
(1037, 'Wrestling'),
(1038, 'Boxing'),
(1038, 'Brazilian Jiu-Jitsu'),
(1038, 'Wrestling'),
(1039, 'Boxing'),
(1039, 'Brazilian Jiu-Jitsu'),
(1039, 'Wrestling'),
(1040, 'Boxing'),
(1040, 'Brazilian Jiu-Jitsu'),
(1040, 'Wrestling'),
(1041, 'Boxing'),
(1041, 'Brazilian Jiu-Jitsu'),
(1041, 'Wrestling'),
(1042, 'Boxing'),
(1042, 'Brazilian Jiu-Jitsu'),
(1042, 'Wrestling'),
(1043, 'Boxing'),
(1043, 'Brazilian Jiu-Jitsu'),
(1043, 'Wrestling'),
(1044, 'Boxing'),
(1044, 'Brazilian Jiu-Jitsu'),
(1044, 'Wrestling'),
(1045, 'Boxing'),
(1045, 'Brazilian Jiu-Jitsu'),
(1045, 'Wrestling'),
(1046, 'Boxing'),
(1046, 'Brazilian Jiu-Jitsu'),
(1046, 'Wrestling'),
(1047, 'Boxing'),
(1047, 'Brazilian Jiu-Jitsu'),
(1047, 'Wrestling'),
(1048, 'Boxing'),
(1048, 'Brazilian Jiu-Jitsu'),
(1048, 'Wrestling'),
(1049, 'Boxing'),
(1049, 'Brazilian Jiu-Jitsu'),
(1049, 'Wrestling'),
(1050, 'Boxing'),
(1050, 'Brazilian Jiu-Jitsu'),
(1050, 'Wrestling'),
(1051, 'Boxing'),
(1051, 'Brazilian Jiu-Jitsu'),
(1051, 'Wrestling'),
(1052, 'Boxing'),
(1052, 'Brazilian Jiu-Jitsu'),
(1052, 'Wrestling'),
(1053, 'Boxing'),
(1053, 'Brazilian Jiu-Jitsu'),
(1053, 'Wrestling'),
(1054, 'Boxing'),
(1054, 'Brazilian Jiu-Jitsu'),
(1054, 'Wrestling'),
(1055, 'Boxing'),
(1055, 'Brazilian Jiu-Jitsu'),
(1055, 'Wrestling'),
(1056, 'Boxing'),
(1056, 'Brazilian Jiu-Jitsu'),
(1056, 'Wrestling'),
(1057, 'Boxing'),
(1057, 'Brazilian Jiu-Jitsu'),
(1057, 'Wrestling'),
(1058, 'Boxing'),
(1058, 'Brazilian Jiu-Jitsu'),
(1058, 'Wrestling'),
(1059, 'Boxing'),
(1059, 'Brazilian Jiu-Jitsu'),
(1059, 'Wrestling'),
(1060, 'Boxing'),
(1060, 'Brazilian Jiu-Jitsu'),
(1060, 'Wrestling'),
(1061, 'Boxing'),
(1061, 'Brazilian Jiu-Jitsu'),
(1061, 'Wrestling'),
(1062, 'Boxing'),
(1062, 'Brazilian Jiu-Jitsu'),
(1062, 'Wrestling'),
(1063, 'Boxing'),
(1063, 'Brazilian Jiu-Jitsu'),
(1063, 'Wrestling'),
(1064, 'Boxing'),
(1064, 'Brazilian Jiu-Jitsu'),
(1064, 'Wrestling'),
(1065, 'Boxing'),
(1065, 'Brazilian Jiu-Jitsu'),
(1065, 'Wrestling'),
(1066, 'Boxing'),
(1066, 'Brazilian Jiu-Jitsu'),
(1066, 'Wrestling'),
(1067, 'Boxing'),
(1067, 'Brazilian Jiu-Jitsu'),
(1067, 'Wrestling');
go


INSERT INTO Fights (FightID, EventID, Fighter1ID, Fighter2ID, WeightClassFight, Winner, WinMethod, RoundNumber)
VALUES 
('227A', 227, 1034, 1067, 'Bantamweight', 1034, 'KO', 1),
('228A', 228, 1035, 1066, 'Welterweight', 1035, 'Submission', 2),
('229A', 229, 1013, 1012, 'Lightweight', 1013, 'Submission', 4),
('230A', 230, 1008, 1065, 'Heavyweight', 1008, 'Submission', 2),
('231A', 231, 1003, 1046, 'Featherweight', 1003, 'TKO', 4),
('232A', 232, 1000, 1064, 'Light Heavyweight', 1000, 'TKO', 3),
('233A', 233, 1034, 1005, 'Flyweight', 1005, 'TKO', 1),
('234A', 234, 1017, 1016, 'Middleweight', 1017, 'Decision', 3),
('235A', 235, 1000, 1063, 'Light Heavyweight', 1000, 'Decision', 5),
('235B', 235, 1020, 1035, 'Welterweight', 1020, 'Decision', 5),
('236A', 236, 1003, 1024, 'Lightweight', 1024, 'Decision', 5),
('238A', 238, 1005, 1061, 'Bantamweight', 1005, 'TKO', 3),
('239A', 239, 1000, 1060, 'Light Heavyweight', 1000, 'Decision', 5),
('240A', 240, 1003, 1059, 'Featherweight', 1003, 'Decision', 5),
('241A', 241, 1008, 1009, 'Heavyweight', 1009, 'TKO', 4),
('242A', 242, 1013, 1024, 'Lightweight', 1013, 'Submission', 3),
('243A', 243, 1017, 1018, 'Middleweight', 1017, 'KO', 2),
('244A', 244, 1033, 1028, 'Welterweight', 1033, 'TKO', 3),
('245A', 245, 1020, 1030, 'Welterweight', 1020, 'TKO', 5),
('245B', 245, 1004, 1003, 'Featherweight', 1004, 'Decision', 5),
('246A', 246, 1012, 1057, 'Welterweight', 1012, 'TKO', 1),
('247A', 247, 1000, 1056, 'Light Heavyweight', 1000, 'Decision', 5),
('248A', 248, 1017, 1055, 'Middleweight', 1017, 'Decision', 5),
('249A', 249, 1031, 1014, 'Lightweight', 1014, 'TKO', 5),
('251A', 251, 1020, 1033, 'Welterweight', 1020, 'Decision', 5),
('251B', 251, 1004, 1003, 'Featherweight', 1004, 'Decision', 5),
('251C', 251, 1032, 1001, 'Bantamweight', 1032, 'TKO', 5),
('252A', 252, 1009, 1008, 'Heavyweight', 1009, 'Decision', 5),
('253A', 253, 1017, 1053, 'Middleweight', 1017, 'TKO', 2),
('254A', 254, 1013, 1014, 'Lightweight', 1013, 'Submission', 2),
('255A', 255, 1007, 1051, 'Flyweight', 1007, 'Submission', 1),
('256A', 256, 1007, 1050, 'Flyweight', NULL, '-', 5),
('256B', 256, 1031, 1015, 'Lightweight', 1015, 'Decision', 3),
('257A', 257, 1024, 1012, 'Lightweight', 1024, 'TKO', 2),
('258A', 258, 1020, 1049, 'Welterweight', 1020, 'TKO', 3),
('259A', 259, 1027, 1017, 'Light Heavyweight', 1027, 'Decision', 5),
('260A', 260, 1009, 1010, 'Heavyweight', 1010, 'KO', 2),
('261A', 261, 1020, 1033, 'Welterweight', 1020, 'KO', 2),
('262A', 262, 1015, 1048, 'Lightweight', 1015, 'TKO', 2),
('263A', 263, 1017, 1047, 'Middleweight', 1017, 'Decision', 5),
('264A', 264, 1024, 1012, 'Lightweight', 1024, 'TKO', 1),
('266A', 266, 1004, 1046, 'Featherweight', 1004, 'Decision', 5),
('267A', 267, 1027, 1011, 'Light Heavyweight', 1011, 'Submission', 2),
('268A', 268, 1020, 1030, 'Welterweight', 1020, 'Decision', 5),
('269A', 269, 1015, 1024, 'Lightweight', 1015, 'Submission', 3),
('270A', 270, 1010, 1040, 'Heavyweight', 1010, 'Decision', 5),
('271A', 271, 1017, 1018, 'Middleweight', 1017, 'Decision', 5),
('272A', 272, 1030, 1033, 'Welterweight', 1030, 'Decision', 5),
('273A', 273, 1004, 1045, 'Featherweight', 1004, 'TKO', 4),
('274A', 274, 1015, 1014, 'Lightweight', 1015, 'Submission', 1),
('275A', 275, 1011, 1044, 'Light Heavyweight', 1044, 'Submission', 5),
('276A', 276, 1017, 1043, 'Middleweight', 1017, 'Decision', 5),
('278A', 278, 1020, 1026, 'Welterweight', 1026, 'KO', 5),
('279A', 279, 1028, 1031, 'Welterweight', 1028, 'Submission', 4),
('280A', 280, 1015, 1023, 'Lightweight', 1023, 'Submission', 2),
('281A', 281, 1017, 1025, 'Middleweight', 1025, 'TKO', 5),
('282A', 282, 1027, 1042, 'Light Heavyweight', NULL, '-', 5),
('283A', 283, 1011, 1041, 'Light Heavyweight', 1041, 'Decision', 5),
('284A', 284, 1023, 1004, 'Lightweight', 1023, 'Decision', 5),
('285A', 285, 1000, 1040, 'Heavyweight', 1000, 'Submission', 1),
('286A', 286, 1026, 1020, 'Welterweight', 1026, 'Decision', 5),
('287A', 287, 1025, 1017, 'Middleweight', 1017, 'KO', 2),
('288A', 288, 1002, 1005, 'Bantamweight', 1002, 'Decision', 5),
('290A', 290, 1004, 1038, 'Featherweight', 1004, 'TKO', 3),
('291A', 291, 1024, 1014, 'Lightweight', 1014, 'KO', 2),
('292A', 292, 1002, 1037, 'Bantamweight', 1037, 'TKO', 2),
('293A', 293, 1017, 1036, 'Middleweight', 1036, 'Decision', 5),
('294A', 294, 1023, 1015, 'Lightweight', 1023, 'Submission', 1),
('295A', 295, 1000, 1009, 'Heavyweight', 1000, 'KO', 1);
GO